Role,NTID,Name,Manager,Password,Email,AOR
Agent,SSAZZ,Sangeet Kumar,Yogesh Pillay,test01,SSAZZ@allstate.com,Agency
Agent,AGOQ3,Arshia Kale,Yogesh Pillay,test01,AGOQ3@allstate.com,Agency
Agent,adat7,Avinash Kulkarni,Afzal Sayeed,test01,adat7@allstate.com,EHC
Agent,rsip8,Raunak Panesar,Afzal Sayeed,test01,rsip8@allstate.com,EHC
Team Leader,YPILL,Yogesh Pillay,Chaitali Ganguly,test01,ypill@allstate.com,Agency
Team Leader,SSAYM,Samir Sayed,Daniel McGrath,test01,ssaym@allstate.com,AAV
Team Leader,MSAYG,Afzal Sayeed,Faisal Sayed,test01,msayg@allstate.com,EHC
Agent,skur5,Sumit Das,Samir Sayed,test01,skur5@allstate.com,AAV
Agent,alaik,Asif Khan,Samir Sayed,test01,alaik@allstate.com,AAV
Division Leader,FSAYG,Faisal Sayed,Shamshuddin Munshi,test01,fsayg@allstate.com,EHC
Division Leader,CGANJ,Chaitali Ganguly,Sabrina Lynch,test01,cganj@allstate.com,Agency
Division Leader,dmcgx,Daniel McGrath,Sabrina Lynch,test01,dmcgx@allstate.com,AAV
Quality,ZSHA4,Zaid Shaikh,Kim Via,test01,ZSHA4@allstate.com,Support
Quality,emul1,Eva Mullen,Kim Via,test01,emul1@allstate.com,Support
