﻿[
    {
        "": "4",
        "RATING GRID": "Weightage"
    },
    {
        "": "0:00:30",
        "RATING GRID": "10.00%"
    },
    {
        "": "0:25:00",
        "RATING GRID": "10.00%"
    },
    {
        "": "97.00%",
        "RATING GRID": "15.00%"
    },
    {
        "": "3.00%",
        "RATING GRID": "15.00%"
    },
    {
        "": "100.00%",
        "RATING GRID": "10.00%"
    },
    {
        "": "97.00%",
        "RATING GRID": "15.00%"
    },
    {
        "": "4",
        "RATING GRID": "10.00%"
    },
    {
        "": "82.00%",
        "RATING GRID": "15.00%"
    },
    {
        "": "",
        "RATING GRID": ""
    },
    {
        "": "",
        "RATING GRID": ""
    },
    {
        "": "",
        "RATING GRID": "Final Rating "
    },
    {
        "": "",
        "RATING GRID": "3.00"
    }
]